{
    "_ColorR": 1.0,
    "_ColorG": 1.0,
    "_ColorB": 1.0,
    "_RampLevels": 2.0,
    "_LightScalar": 1.0,
    "_HighColorR": 1.0,
    "_HighColorG": 1.0,
    "_HighColorB": 1.0,
    "_HighIntensity": 1.340000033378601,
    "_LowColorR": 0.35534581542015078,
    "_LowColorG": 0.7302843332290649,
    "_LowColorB": 1.0,
    "_LowIntensity": 0.6899999976158142,
    "_OutlineColorR": 0.2571440637111664,
    "_OutlineColorG": 0.5344827771186829,
    "_OutlineColorB": 0.37427255511283877,
    "_OutlineSize": 38.31999969482422,
    "_RimColorR": 1.0,
    "_RimColorG": 1.0,
    "_RimColorB": 1.0,
    "_RimAlpha": 0.3659999966621399,
    "_RimPower": 0.5619999766349793,
    "_RimDropOff": 0.5329999923706055,
    "_FresnelColorR": 1.0,
    "_FresnelColorG": 1.0,
    "_FresnelColorB": 1.0,
    "_FresnelBrightness": 0.3400000035762787,
    "_FresnelPower": 0.6129999756813049,
    "_FresnelShadowDropoff": 0.2809999883174896,
    "_GradYCap": 0.0,
    "_GradIntensity": 0.0
}